"station","dist","species","1999-03-23","1999-03-25","1999-03-27","1999-03-28","1999-04-03","1999-04-04","1999-04-10","1999-04-11","1999-04-17","1999-04-18","1999-04-24","1999-04-25","1999-05-02","1999-05-03","1999-05-09","1999-05-10","1999-05-16","1999-05-17","1999-05-23","1999-05-24","1999-05-30","1999-05-31","1999-06-06","1999-06-07","1999-06-12","1999-06-13","1999-06-19","1999-06-20","1999-06-26","1999-06-27","1999-07-04","1999-07-05","1999-07-10","1999-07-11","1999-07-17","1999-07-18","1999-07-24","1999-07-25","1999-07-31","1999-08-01","1999-08-07","1999-08-08","1999-08-14","1999-08-15","1999-08-21","1999-08-22","1999-08-29","1999-08-30","1999-09-04","1999-09-05","1999-09-14","1999-09-15","1999-09-18","1999-09-19","1999-09-27","1999-09-28","1999-10-02","1999-10-03","1999-10-10","1999-10-12","1999-10-18","1999-10-19","1999-10-25","1999-10-26","1999-10-30","1999-10-31","1999-11-06"
"1","10","psd",,5,,5,,5,,5,,0,,0,,0,,0,,0,,0,,0,,0,,0,,0,,0,,0,,0,,0,,0,,0,,0,,0,,0,,0,,0,,0,,0,,0,,0,,0,,0,,0,,0,
"1","25","psd",5,,5,,5,,0,,0,,0,,0,,0,,0,,0,,0,,0,,0,,0,,0,,0,,0,,0,,0,,0,,0,,0,,0,,0,,0,,0,,0,,0,,0,,0,,0,,0,,0,,0
"2","10","uva",,5,,5,,5,,5,,5,,5,,5,,5,,5,,5,,5,,5,,5,,5,,5,,5,,5,,5,,5,,5,,5,,5,,5,,5,,5,,5,,5,,5,,5,,5,,5,,5,,5,
"2","25","uva",5,,5,,5,,5,,4,,2,,2,,0,,0,,0,,0,,0,,0,,0,,0,,0,,0,,0,,0,,0,,0,,0,,0,,0,,0,,0,,0,,0,,0,,0,,0,,0,,0,,0
"3","10","pol",,5,,5,,3,,3,,1,,0,,0,,0,,0,,0,,0,,0,,0,,0,,0,,0,,0,,0,,0,,0,,0,,0,,0,,0,,0,,0,,0,,0,,0,,0,,0,,0,,0,
"3","25","pol",5,,4,,0,,0,,0,,0,,0,,0,,0,,0,,0,,0,,0,,0,,0,,0,,0,,0,,0,,0,,0,,0,,0,,0,,0,,0,,0,,0,,0,,0,,0,,0,,0,,0
"4","10","dio",,5,,3,,3,,3,,3,,0,,0,,0,,0,,0,,0,,0,,0,,0,,0,,0,,0,,0,,0,,0,,0,,0,,0,,0,,0,,0,,0,,0,,0,,0,,0,,0,,0,
"4","25","dio",5,,5,,4,,4,,4,,4,,4,,4,,4,,4,,4,,4,,4,,4,,4,,4,,4,,4,,4,,4,,4,,4,,4,,4,,4,,4,,4,,4,,4,,4,,4,,4,,4,,4
"5","10","cor",,4,,4,,4,,4,,3,,3,,3,,3,,3,,3,,3,,3,,3,,3,,3,,3,,3,,3,,2,,2,,2,,2,,2,,2,,2,,2,,2,,2,,2,,2,,2,,2,,2,
"5","25","cor",5,,4,,4,,4,,4,,4,,4,,4,,4,,4,,4,,4,,4,,4,,4,,4,,4,,4,,4,,4,,4,,4,,4,,4,,4,,4,,4,,4,,4,,4,,4,,4,,4,,4
"6","10","abz",,5,,3,,0,,0,,0,,0,,0,,0,,0,,0,,0,,0,,0,,0,,0,,0,,0,,0,,0,,0,,0,,0,,0,,0,,0,,0,,0,,0,,0,,0,,0,,0,,0,
"6","25","abz",5,,5,,0,,0,,0,,0,,0,,0,,0,,0,,0,,0,,0,,0,,0,,0,,0,,0,,0,,0,,0,,0,,0,,0,,0,,0,,0,,0,,0,,0,,0,,0,,0,,0
"7","10","cd",,4,,4,,0,,0,,0,,0,,0,,0,,0,,0,,0,,0,,0,,0,,0,,0,,0,,0,,0,,0,,0,,0,,0,,0,,0,,0,,0,,0,,0,,0,,0,,0,,0,
"7","25","cd",5,,5,,5,,4,,0,,0,,0,,0,,0,,0,,0,,0,,0,,0,,0,,0,,0,,0,,0,,0,,0,,0,,0,,0,,0,,0,,0,,0,,0,,0,,0,,0,,0,,0
"8","10","mmu",,0,,0,,0,,0,,0,,0,,0,,0,,0,,0,,0,,0,,0,,0,,0,,0,,0,,0,,0,,0,,0,,0,,0,,0,,0,,0,,0,,0,,0,,0,,0,,0,,0,
"8","25","mmu",5,,5,,5,,5,,5,,5,,5,,5,,5,,5,,5,,5,,5,,5,,5,,5,,5,,5,,5,,5,,5,,5,,5,,4,,4,,4,,4,,4,,4,,4,,4,,4,,4,,4
"9","10","psd",,5,,5,,5,,5,,5,,5,,3,,3,,3,,3,,3,,3,,3,,3,,3,,3,,3,,0,,0,,0,,0,,0,,0,,0,,0,,0,,0,,0,,0,,0,,0,,0,,0,
"9","25","psd",5,,5,,5,,5,,5,,5,,5,,5,,5,,5,,5,,5,,5,,5,,5,,5,,5,,5,,0,,0,,0,,0,,0,,0,,0,,0,,0,,0,,0,,0,,0,,0,,0,,0
"10","10","uva",,5,,5,,5,,4,,4,,4,,4,,4,,4,,4,,4,,4,,4,,4,,4,,4,,4,,4,,4,,4,,4,,4,,4,,4,,4,,4,,4,,4,,4,,4,,4,,4,,4,
"10","25","uva",5,,4,,4,,4,,3,,3,,3,,3,,3,,3,,3,,3,,3,,3,,3,,3,,3,,3,,0,,0,,0,,0,,0,,0,,0,,0,,0,,0,,0,,0,,0,,0,,0,,0
"11","10","pol",,0,,0,,0,,0,,0,,0,,0,,0,,0,,0,,0,,0,,0,,0,,0,,0,,0,,0,,0,,0,,0,,0,,0,,0,,0,,0,,0,,0,,0,,0,,0,,0,,0,
"11","25","pol",1,,,,0,,0,,0,,0,,0,,0,,0,,0,,0,,0,,0,,0,,0,,0,,0,,0,,0,,0,,0,,0,,0,,0,,0,,0,,0,,0,,0,,0,,0,,0,,0,,0
"12","10","dio",,5,,4,,4,,4,,4,,4,,4,,4,,4,,4,,4,,4,,4,,4,,4,,4,,4,,4,,4,,4,,4,,4,,4,,4,,4,,4,,4,,4,,4,,4,,4,,4,,4,
"12","25","dio",5,,5,,5,,5,,5,,5,,5,,5,,5,,5,,5,,5,,5,,5,,5,,5,,5,,4,,4,,4,,4,,4,,4,,4,,4,,4,,4,,4,,4,,4,,4,,4,,4,,4
"13","10","cor",,5,,5,,5,,5,,5,,4,,4,,4,,4,,4,,4,,4,,4,,4,,4,,4,,4,,2,,2,,2,,2,,2,,2,,2,,2,,2,,2,,2,,2,,2,,2,,2,,2,
"13","25","cor",5,,5,,5,,5,,5,,5,,5,,5,,5,,5,,5,,5,,5,,5,,5,,5,,5,,5,,5,,5,,5,,5,,5,,5,,5,,4,,4,,4,,4,,4,,4,,4,,4,,4
"14","10","abz",,5,,4,,4,,1,,0,,0,,0,,0,,0,,0,,0,,0,,0,,0,,0,,0,,0,,0,,0,,0,,0,,0,,0,,0,,0,,0,,0,,0,,0,,0,,0,,0,,0,
"14","25","abz",5,,5,,5,,1,,1,,1,,1,,1,,1,,0,,0,,0,,0,,0,,0,,0,,0,,0,,0,,0,,0,,0,,0,,0,,0,,0,,0,,0,,0,,0,,0,,0,,0,,0
"15","10","cd",,5,,0,,0,,0,,0,,0,,0,,0,,0,,0,,0,,0,,0,,0,,0,,0,,0,,0,,0,,0,,0,,0,,0,,0,,0,,0,,0,,0,,0,,0,,0,,0,,0,
"15","25","cd",5,,5,,0,,0,,0,,0,,0,,0,,0,,0,,0,,0,,0,,0,,0,,0,,0,,0,,0,,0,,0,,0,,0,,0,,0,,0,,0,,0,,0,,0,,0,,0,,0,,0
"16","10","mmu",,5,,5,,5,,5,,5,,5,,5,,5,,5,,5,,5,,5,,5,,5,,5,,5,,5,,5,,4,,4,,4,,4,,4,,4,,4,,4,,4,,4,,4,,4,,4,,4,,4,
"16","25","mmu",5,,5,,5,,5,,0,,0,,0,,0,,0,,0,,0,,0,,0,,0,,0,,0,,0,,0,,0,,0,,0,,0,,0,,0,,0,,0,,0,,0,,0,,0,,0,,0,,0,,0
"17","10","psd",,5,,5,,5,,5,,5,,5,,4,,4,,4,,4,,4,,4,,4,,4,,4,,4,,4,,4,,4,,4,,4,,4,,4,,4,,4,,4,,4,,4,,4,,4,,4,,4,,4,
"17","25","psd",5,,0,,0,,0,,0,,0,,0,,0,,0,,0,,0,,0,,0,,0,,0,,0,,0,,0,,0,,0,,0,,0,,0,,0,,0,,0,,0,,0,,0,,0,,0,,0,,0,,0
"18","10","uva",,5,,5,,5,,5,,5,,5,,5,,5,,5,,5,,5,,5,,5,,5,,5,,4,,4,,4,,4,,4,,0,,0,,0,,0,,0,,0,,0,,0,,0,,0,,0,,0,,0,
"18","25","uva",5,,5,,5,,5,,5,,5,,5,,5,,5,,5,,5,,5,,5,,5,,5,,5,,5,,5,,4,,4,,4,,4,,4,,4,,4,,4,,4,,4,,4,,4,,4,,4,,4,,4
"19","10","pol",,5,,5,,4,,4,,0,,0,,0,,0,,0,,0,,0,,0,,0,,0,,0,,0,,0,,0,,0,,0,,0,,0,,0,,0,,0,,0,,0,,0,,0,,0,,0,,0,,0,
"19","25","pol",5,,5,,5,,5,,5,,5,,5,,3,,3,,2,,2,,2,,2,,2,,2,,2,,2,,2,,0,,0,,0,,0,,0,,0,,0,,0,,0,,0,,0,,0,,0,,0,,0,,0
"20","10","dio",,5,,5,,5,,5,,5,,5,,5,,5,,5,,5,,5,,5,,5,,5,,5,,5,,5,,5,,5,,5,,5,,5,,5,,5,,5,,5,,5,,5,,5,,5,,5,,5,,5,
"20","25","dio",5,,5,,5,,5,,5,,5,,2,,2,,0,,0,,0,,0,,0,,0,,0,,0,,0,,0,,0,,0,,0,,0,,0,,0,,0,,0,,0,,0,,0,,0,,0,,0,,0,,0
"21","10","cor",,5,,5,,5,,5,,5,,5,,5,,5,,5,,5,,5,,5,,5,,5,,5,,5,,5,,5,,5,,5,,5,,5,,5,,5,,5,,5,,5,,5,,5,,5,,5,,5,,5,
"21","25","cor",5,,5,,5,,5,,5,,2,,2,,2,,2,,2,,2,,2,,2,,2,,2,,2,,2,,2,,2,,2,,2,,2,,2,,2,,2,,2,,2,,2,,2,,2,,2,,2,,2,,2
"22","10","abz",,5,,5,,4,,4,,0,,0,,0,,0,,0,,0,,0,,0,,0,,0,,0,,0,,0,,0,,0,,0,,0,,0,,0,,0,,0,,0,,0,,0,,0,,0,,0,,0,,0,
"22","25","abz",5,,5,,5,,5,,1,,1,,1,,1,,1,,0,,0,,0,,0,,0,,0,,0,,0,,0,,0,,0,,0,,0,,0,,0,,0,,0,,0,,0,,0,,0,,0,,0,,0,,0
"23","10","cd",,5,,5,,5,,5,,0,,0,,0,,0,,0,,0,,0,,0,,0,,0,,0,,0,,0,,0,,0,,0,,0,,0,,0,,0,,0,,0,,0,,0,,0,,0,,0,,0,,0,
"23","25","cd",5,,2,,2,,2,,2,,2,,0,,0,,0,,0,,0,,0,,0,,0,,0,,0,,0,,0,,0,,0,,0,,0,,0,,0,,0,,0,,0,,0,,0,,0,,0,,0,,0,,0
"24","10","mmu",,5,,5,,5,,5,,3,,3,,3,,3,,3,,3,,3,,3,,3,,3,,3,,3,,3,,3,,3,,3,,3,,3,,3,,3,,3,,3,,3,,3,,3,,3,,3,,3,,3,
"24","25","mmu",5,,5,,5,,5,,5,,5,,5,,5,,5,,5,,5,,5,,5,,5,,5,,5,,5,,5,,5,,5,,5,,5,,4,,4,,4,,4,,4,,4,,4,,4,,4,,4,,4,,4
"25","10","psd",,5,,5,,5,,5,,0,,0,,0,,0,,0,,0,,0,,0,,0,,0,,0,,0,,0,,0,,0,,0,,0,,0,,0,,0,,0,,0,,0,,0,,0,,0,,0,,0,,0,
"25","25","psd",5,,5,,5,,5,,5,,5,,5,,5,,5,,5,,5,,5,,5,,5,,5,,5,,5,,5,,5,,5,,5,,5,,5,,5,,5,,5,,5,,5,,5,,5,,5,,5,,5,,5
"26","10","uva",,5,,5,,4,,4,,3,,3,,3,,3,,3,,3,,3,,3,,3,,3,,3,,3,,3,,3,,3,,3,,3,,3,,3,,3,,3,,3,,3,,3,,3,,3,,3,,3,,3,
"26","25","uva",5,,5,,5,,5,,5,,5,,5,,5,,5,,5,,5,,5,,5,,5,,5,,5,,5,,5,,5,,5,,5,,5,,5,,5,,5,,5,,5,,5,,5,,5,,5,,5,,5,,5
"27","10","pol",,3,,3,,3,,3,,3,,3,,3,,3,,0,,0,,0,,0,,0,,0,,0,,0,,0,,0,,0,,0,,0,,0,,0,,0,,0,,0,,0,,0,,0,,0,,0,,0,,0,
"27","25","pol",4,,0,,0,,0,,0,,0,,0,,0,,0,,0,,0,,0,,0,,0,,0,,0,,0,,0,,0,,0,,0,,0,,0,,0,,0,,0,,0,,0,,0,,0,,0,,0,,0,,0
"28","10","dio",,5,,5,,5,,5,,3,,0,,0,,0,,0,,0,,0,,0,,0,,0,,0,,0,,0,,0,,0,,0,,0,,0,,0,,0,,0,,0,,0,,0,,0,,0,,0,,0,,0,
"28","25","dio",5,,5,,5,,5,,5,,5,,5,,5,,5,,5,,5,,5,,5,,5,,5,,5,,5,,5,,5,,5,,5,,5,,5,,5,,5,,5,,5,,5,,5,,5,,5,,5,,5,,5
"29","10","cor",,5,,5,,5,,5,,5,,5,,5,,5,,2,,1,,1,,1,,0,,0,,0,,0,,0,,0,,0,,0,,0,,0,,0,,0,,0,,0,,0,,0,,0,,0,,0,,0,,0,
"29","25","cor",5,,5,,5,,5,,5,,5,,5,,5,,5,,5,,5,,5,,5,,5,,5,,5,,5,,5,,5,,5,,5,,5,,5,,5,,5,,5,,5,,5,,5,,5,,5,,5,,5,,5
"30","10","abz",,0,,0,,0,,0,,0,,0,,0,,0,,0,,0,,0,,0,,0,,0,,0,,0,,0,,0,,0,,0,,0,,0,,0,,0,,0,,0,,0,,0,,0,,0,,0,,0,,0,
"30","25","abz",5,,0,,0,,0,,0,,0,,0,,0,,0,,0,,0,,0,,0,,0,,0,,0,,0,,0,,0,,0,,0,,0,,0,,0,,0,,0,,0,,0,,0,,0,,0,,0,,0,,0
"31","10","cd",,0,,0,,0,,0,,0,,0,,0,,0,,0,,0,,0,,0,,0,,0,,0,,0,,0,,0,,0,,0,,0,,0,,0,,0,,0,,0,,0,,0,,0,,0,,0,,0,,0,
"31","25","cd",0,,0,,0,,0,,0,,0,,0,,0,,0,,0,,0,,0,,0,,0,,0,,0,,0,,0,,0,,0,,0,,0,,0,,0,,0,,0,,0,,0,,0,,0,,0,,0,,0,,0
"32","10","mmu",,5,,5,,5,,5,,4,,4,,4,,4,,4,,4,,4,,4,,4,,4,,4,,4,,4,,4,,4,,4,,4,,4,,4,,4,,3,,3,,3,,3,,3,,3,,3,,3,,3,
"32","25","mmu",5,,5,,5,,0,,0,,0,,0,,0,,0,,0,,0,,0,,0,,0,,0,,0,,0,,0,,0,,0,,0,,0,,0,,0,,0,,0,,0,,0,,0,,0,,0,,0,,0,,0
"33","10","psd",,5,,5,,5,,0,,0,,0,,0,,0,,0,,0,,0,,0,,0,,0,,0,,0,,0,,0,,0,,0,,0,,0,,0,,0,,0,,0,,0,,0,,0,,0,,0,,0,,0,
"33","25","psd",5,,0,,0,,0,,0,,0,,0,,0,,0,,0,,0,,0,,0,,0,,0,,0,,0,,0,,0,,0,,0,,0,,0,,0,,0,,0,,0,,0,,0,,0,,0,,0,,0,,0
"34","10","uva",,5,,5,,5,,5,,0,,0,,0,,0,,0,,0,,0,,0,,0,,0,,0,,0,,0,,0,,0,,0,,0,,0,,0,,0,,0,,0,,0,,0,,0,,0,,0,,0,,0,
"34","25","uva",5,,0,,0,,0,,0,,0,,0,,0,,0,,0,,0,,0,,0,,0,,0,,0,,0,,0,,0,,0,,0,,0,,0,,0,,0,,0,,0,,0,,0,,0,,0,,0,,0,,0
"35","10","pol",,4,,4,,4,,4,,2,,2,,2,,2,,1,,1,,1,,1,,1,,1,,1,,1,,1,,1,,1,,1,,1,,1,,1,,1,,1,,1,,1,,1,,1,,1,,1,,1,,1,
"35","25","pol",5,,5,,3,,3,,2,,2,,2,,1,,1,,1,,1,,1,,1,,1,,1,,1,,1,,1,,1,,1,,1,,1,,1,,0,,0,,0,,0,,0,,0,,0,,0,,0,,0,,0
"36","10","dio",,5,,5,,5,,5,,5,,5,,0,,0,,0,,0,,0,,0,,0,,0,,0,,0,,0,,0,,0,,0,,0,,0,,0,,0,,0,,0,,0,,0,,0,,0,,0,,0,,0,
"36","25","dio",5,,0,,0,,0,,0,,0,,0,,0,,0,,0,,0,,0,,0,,0,,0,,0,,0,,0,,0,,0,,0,,0,,0,,0,,0,,0,,0,,0,,0,,0,,0,,0,,0,,0
"37","10","cor",,5,,5,,4,,0,,0,,0,,0,,0,,0,,0,,0,,0,,0,,0,,0,,0,,0,,0,,0,,0,,0,,0,,0,,0,,0,,0,,0,,0,,0,,0,,0,,0,,0,
"37","25","cor",5,,5,,0,,0,,0,,0,,0,,0,,0,,0,,0,,0,,0,,0,,0,,0,,0,,0,,0,,0,,0,,0,,0,,0,,0,,0,,0,,0,,0,,0,,0,,0,,0,,0
"38","10","abz",,1,,0,,0,,0,,0,,0,,0,,0,,0,,0,,0,,0,,0,,0,,0,,0,,0,,0,,0,,0,,0,,0,,0,,0,,0,,0,,0,,0,,0,,0,,0,,0,,0,
"38","25","abz",0,,0,,0,,0,,0,,0,,0,,0,,0,,0,,0,,0,,0,,0,,0,,0,,0,,0,,0,,0,,0,,0,,0,,0,,0,,0,,0,,0,,0,,0,,0,,0,,0,,0
"39","10","cd",,5,,5,,0,,0,,0,,0,,0,,0,,0,,0,,0,,0,,0,,0,,0,,0,,0,,0,,0,,0,,0,,0,,0,,0,,0,,0,,0,,0,,0,,0,,0,,0,,0,
"39","25","cd",5,,5,,5,,5,,5,,5,,5,,5,,5,,5,,5,,5,,5,,4,,4,,4,,4,,3,,3,,3,,3,,3,,3,,3,,3,,3,,3,,3,,3,,3,,3,,3,,3,,3
"40","10","mmu",,5,,5,,5,,5,,5,,5,,5,,5,,5,,5,,5,,1,,1,,1,,1,,1,,1,,1,,1,,1,,1,,1,,1,,1,,1,,1,,1,,1,,1,,1,,1,,1,,1,
"40","25","mmu",5,,0,,0,,0,,0,,0,,0,,0,,0,,0,,0,,0,,0,,0,,0,,0,,0,,0,,0,,0,,0,,0,,0,,0,,0,,0,,0,,0,,0,,0,,0,,0,,0,,0
"41","10","psd",,5,,5,,5,,5,,5,,5,,5,,5,,5,,5,,5,,1,,1,,1,,1,,1,,1,,1,,0,,0,,0,,0,,0,,0,,0,,0,,0,,0,,0,,0,,0,,0,,0,
"41","25","psd",0,,0,,0,,0,,0,,0,,0,,0,,0,,0,,0,,0,,0,,0,,0,,0,,0,,0,,0,,0,,0,,0,,0,,0,,0,,0,,0,,0,,0,,0,,0,,0,,0,,0
"42","10","uva",,4,,4,,4,,4,,4,,4,,4,,4,,4,,4,,4,,4,,4,,4,,4,,4,,4,,4,,4,,4,,4,,4,,4,,4,,4,,4,,4,,4,,4,,4,,4,,4,,4,
"42","25","uva",5,,5,,5,,5,,5,,5,,5,,5,,5,,5,,5,,5,,5,,5,,5,,5,,5,,5,,0,,0,,0,,0,,0,,0,,0,,0,,0,,0,,0,,0,,0,,0,,0,,0
"43","10","pol",,0,,0,,0,,0,,0,,0,,0,,0,,0,,0,,0,,0,,0,,0,,0,,0,,0,,0,,0,,0,,0,,0,,0,,0,,0,,0,,0,,0,,0,,0,,0,,0,,0,
"43","25","pol",0,,0,,0,,0,,0,,0,,0,,0,,0,,0,,0,,0,,0,,0,,0,,0,,0,,0,,0,,0,,0,,0,,0,,0,,0,,0,,0,,0,,0,,0,,0,,0,,0,,0
"44","10","dio",,5,,0,,0,,0,,0,,0,,0,,0,,0,,0,,0,,0,,0,,0,,0,,0,,0,,0,,0,,0,,0,,0,,0,,0,,0,,0,,0,,0,,0,,0,,0,,0,,0,
"44","25","dio",5,,0,,0,,0,,0,,0,,0,,0,,0,,0,,0,,0,,0,,0,,0,,0,,0,,0,,0,,0,,0,,0,,0,,0,,0,,0,,0,,0,,0,,0,,0,,0,,0,,0
"45","10","cor",,5,,5,,1,,0,,0,,0,,0,,0,,0,,0,,0,,0,,0,,0,,0,,0,,0,,0,,0,,0,,0,,0,,0,,0,,0,,0,,0,,0,,0,,0,,0,,0,,0,
"45","25","cor",5,,5,,4,,4,,4,,4,,4,,4,,4,,4,,4,,4,,4,,4,,4,,4,,4,,4,,4,,4,,4,,4,,4,,4,,4,,4,,4,,4,,4,,4,,4,,4,,4,,4
"46","10","abz",,0,,0,,0,,0,,0,,0,,0,,0,,0,,0,,0,,0,,0,,0,,0,,0,,0,,0,,0,,0,,0,,0,,0,,0,,0,,0,,0,,0,,0,,0,,0,,0,,0,
"46","25","abz",5,,3,,0,,0,,0,,0,,0,,0,,0,,0,,0,,0,,0,,0,,0,,0,,0,,0,,0,,0,,0,,0,,0,,0,,0,,0,,0,,0,,0,,0,,0,,0,,0,,0
"47","10","cd",,0,,0,,0,,0,,0,,0,,0,,0,,0,,0,,0,,0,,0,,0,,0,,0,,0,,0,,0,,0,,0,,0,,0,,0,,0,,0,,0,,0,,0,,0,,0,,0,,0,
"47","25","cd",5,,5,,3,,0,,0,,0,,0,,0,,0,,0,,0,,0,,0,,0,,0,,0,,0,,0,,0,,0,,0,,0,,0,,0,,0,,0,,0,,0,,0,,0,,0,,0,,0,,0
"48","10","mmu",,0,,0,,0,,0,,0,,0,,0,,0,,0,,0,,0,,0,,0,,0,,0,,0,,0,,0,,0,,0,,0,,0,,0,,0,,0,,0,,0,,0,,0,,0,,0,,0,,0,
"48","25","mmu",5,,0,,0,,0,,0,,0,,0,,0,,0,,0,,0,,0,,0,,0,,0,,0,,0,,0,,0,,0,,0,,0,,0,,0,,0,,0,,0,,0,,0,,0,,0,,0,,0,,0
"49","10","psd",,0,,0,,0,,0,,0,,0,,0,,0,,0,,0,,0,,0,,0,,0,,0,,0,,0,,0,,0,,0,,0,,0,,0,,0,,0,,0,,0,,0,,0,,0,,0,,0,,0,
"49","25","psd",4,,4,,0,,0,,0,,0,,0,,0,,0,,0,,0,,0,,0,,0,,0,,0,,0,,0,,0,,0,,0,,0,,0,,0,,0,,0,,0,,0,,0,,0,,0,,0,,0,,0
"50","10","uva",,1,,0,,0,,0,,0,,0,,0,,0,,0,,0,,0,,0,,0,,0,,0,,0,,0,,0,,0,,0,,0,,0,,0,,0,,0,,0,,0,,0,,0,,0,,0,,0,,0,
"50","25","uva",4,,4,,3,,3,,3,,3,,0,,0,,0,,0,,0,,0,,0,,0,,0,,0,,0,,0,,0,,0,,0,,0,,0,,0,,0,,0,,0,,0,,0,,0,,0,,0,,0,,0
"51","10","pol",,5,,5,,5,,5,,5,,5,,5,,5,,5,,5,,5,,1,,1,,1,,1,,1,,1,,1,,1,,1,,1,,1,,1,,1,,1,,1,,1,,1,,1,,1,,1,,1,,1,
"51","25","pol",3,,3,,3,,0,,0,,0,,0,,0,,0,,0,,0,,0,,0,,0,,0,,0,,0,,0,,0,,0,,0,,0,,0,,0,,0,,0,,0,,0,,0,,0,,0,,0,,0,,0
"52","10","dio",,5,,0,,0,,0,,0,,0,,0,,0,,0,,0,,0,,0,,0,,0,,0,,0,,0,,0,,0,,0,,0,,0,,0,,0,,0,,0,,0,,0,,0,,0,,0,,0,,0,
"52","25","dio",5,,5,,0,,0,,0,,0,,0,,0,,0,,0,,0,,0,,0,,0,,0,,0,,0,,0,,0,,0,,0,,0,,0,,0,,0,,0,,0,,0,,0,,0,,0,,0,,0,,0
"53","10","cor",,5,,4,,0,,0,,0,,0,,0,,0,,0,,0,,0,,0,,0,,0,,0,,0,,0,,0,,0,,0,,0,,0,,0,,0,,0,,0,,0,,0,,0,,0,,0,,0,,0,
"53","25","cor",5,,5,,0,,0,,0,,0,,0,,0,,0,,0,,0,,0,,0,,0,,0,,0,,0,,0,,0,,0,,0,,0,,0,,0,,0,,0,,0,,0,,0,,0,,0,,0,,0,,0
"54","10","abz",,5,,5,,5,,5,,5,,5,,5,,5,,5,,3,,3,,3,,3,,3,,3,,3,,3,,3,,3,,3,,3,,3,,3,,3,,3,,3,,3,,3,,3,,3,,3,,3,,3,
"54","25","abz",4,,4,,4,,4,,2,,2,,2,,2,,1,,1,,1,,1,,1,,1,,1,,1,,1,,1,,1,,1,,1,,1,,1,,1,,1,,1,,1,,1,,1,,1,,1,,1,,1,,1
"55","10","cd",,4,,0,,0,,0,,0,,0,,0,,0,,0,,0,,0,,0,,0,,0,,0,,0,,0,,0,,0,,0,,0,,0,,0,,0,,0,,0,,0,,0,,0,,0,,0,,0,,0,
"55","25","cd",5,,0,,0,,0,,0,,0,,0,,0,,0,,0,,0,,0,,0,,0,,0,,0,,0,,0,,0,,0,,0,,0,,0,,0,,0,,0,,0,,0,,0,,0,,0,,0,,0,,0
"56","10","mmu",,5,,0,,0,,0,,0,,0,,0,,0,,0,,0,,0,,0,,0,,0,,0,,0,,0,,0,,0,,0,,0,,0,,0,,0,,0,,0,,0,,0,,0,,0,,0,,0,,0,
"56","25","mmu",5,,5,,5,,0,,0,,0,,0,,0,,0,,0,,0,,0,,0,,0,,0,,0,,0,,0,,0,,0,,0,,0,,0,,0,,0,,0,,0,,0,,0,,0,,0,,0,,0,,0
"57","10","psd",,5,,5,,1,,1,,0,,0,,0,,0,,0,,0,,0,,0,,0,,0,,0,,0,,0,,0,,0,,0,,0,,0,,0,,0,,0,,0,,0,,0,,0,,0,,0,,0,,0,
"57","25","psd",5,,5,,0,,0,,0,,0,,0,,0,,0,,0,,0,,0,,0,,0,,0,,0,,0,,0,,0,,0,,0,,0,,0,,0,,0,,0,,0,,0,,0,,0,,0,,0,,0,,0
"58","10","uva",,5,,0,,0,,0,,0,,0,,0,,0,,0,,0,,0,,0,,0,,0,,0,,0,,0,,0,,0,,0,,0,,0,,0,,0,,0,,0,,0,,0,,0,,0,,0,,0,,0,
"58","25","uva",5,,5,,5,,5,,5,,5,,5,,5,,3,,1,,1,,1,,1,,1,,1,,1,,1,,1,,1,,1,,1,,1,,1,,0,,0,,0,,0,,0,,0,,0,,0,,0,,0,,0
"59","10","pol",,0,,0,,0,,0,,0,,0,,0,,0,,0,,0,,0,,0,,0,,0,,0,,0,,0,,0,,0,,0,,0,,0,,0,,0,,0,,0,,0,,0,,0,,0,,0,,0,,0,
"59","25","pol",5,,5,,3,,1,,0,,0,,0,,0,,0,,0,,0,,0,,0,,0,,0,,0,,0,,0,,0,,0,,0,,0,,0,,0,,0,,0,,0,,0,,0,,0,,0,,0,,0,,0
"60","10","dio",,5,,0,,0,,0,,0,,0,,0,,0,,0,,0,,0,,0,,0,,0,,0,,0,,0,,0,,0,,0,,0,,0,,0,,0,,0,,0,,0,,0,,0,,0,,0,,0,,0,
"60","25","dio",5,,1,,0,,0,,0,,0,,0,,0,,0,,0,,0,,0,,0,,0,,0,,0,,0,,0,,0,,0,,0,,0,,0,,0,,0,,0,,0,,0,,0,,0,,0,,0,,0,,0
"61","10","cor",,5,,0,,0,,0,,0,,0,,0,,0,,0,,0,,0,,0,,0,,0,,0,,0,,0,,0,,0,,0,,0,,0,,0,,0,,0,,0,,0,,0,,0,,0,,0,,0,,0,
"61","25","cor",5,,3,,2,,1,,1,,1,,1,,1,,1,,1,,1,,1,,1,,1,,1,,1,,1,,1,,1,,1,,1,,1,,1,,1,,1,,1,,1,,1,,1,,1,,,,0,,0,,0
"62","10","abz",,5,,0,,0,,0,,0,,0,,0,,0,,0,,0,,0,,0,,0,,0,,0,,0,,0,,0,,0,,0,,0,,0,,0,,0,,0,,0,,0,,0,,0,,0,,0,,0,,0,
"62","25","abz",5,,0,,0,,0,,0,,0,,0,,0,,0,,0,,0,,0,,0,,0,,0,,0,,0,,0,,0,,0,,0,,0,,0,,0,,0,,0,,0,,0,,0,,0,,0,,0,,0,,0
"63","10","cd",,5,,0,,0,,0,,0,,0,,0,,0,,0,,0,,0,,0,,0,,0,,0,,0,,0,,0,,0,,0,,0,,0,,0,,0,,0,,0,,0,,0,,0,,0,,0,,0,,0,
"63","25","cd",5,,0,,0,,0,,0,,0,,0,,0,,0,,0,,0,,0,,0,,0,,0,,0,,0,,0,,0,,0,,0,,0,,0,,0,,0,,0,,0,,0,,0,,0,,0,,0,,0,,0
"64","10","mmu",,5,,0,,0,,0,,0,,0,,0,,0,,0,,0,,0,,0,,0,,0,,0,,0,,0,,0,,0,,0,,0,,0,,0,,0,,0,,0,,0,,0,,0,,0,,0,,0,,0,
"64","25","mmu",5,,1,,0,,0,,0,,0,,0,,0,,0,,0,,0,,0,,0,,0,,0,,0,,0,,0,,0,,0,,0,,0,,0,,0,,0,,0,,0,,0,,0,,0,,0,,0,,0,,0
"65","10","psd",,5,,5,,5,,5,,5,,5,,5,,5,,5,,5,,5,,5,,5,,5,,5,,5,,5,,5,,5,,5,,5,,5,,5,,5,,5,,5,,5,,5,,5,,5,,5,,5,,5,
"65","25","psd",5,,5,,5,,5,,4,,4,,4,,4,,4,,4,,4,,4,,4,,4,,4,,4,,4,,4,,4,,4,,4,,4,,4,,4,,4,,4,,4,,4,,4,,4,,4,,4,,4,,4
"66","10","uva",,5,,5,,4,,3,,3,,3,,3,,2,,2,,2,,2,,2,,2,,2,,2,,2,,2,,2,,2,,2,,2,,2,,2,,2,,2,,2,,2,,2,,2,,2,,2,,2,,2,
"66","25","uva",5,,5,,0,,0,,0,,0,,0,,0,,0,,0,,0,,0,,0,,0,,0,,0,,0,,0,,0,,0,,0,,0,,0,,0,,0,,0,,0,,0,,0,,0,,0,,0,,0,,0
"67","10","pol",,0,,0,,0,,0,,0,,0,,0,,0,,0,,0,,0,,0,,0,,0,,0,,0,,0,,0,,0,,0,,0,,0,,0,,0,,0,,0,,0,,0,,0,,0,,0,,0,,0,
"67","25","pol",3,,2,,2,,2,,2,,2,,0,,0,,0,,0,,0,,0,,0,,0,,0,,0,,0,,0,,0,,0,,0,,0,,0,,0,,0,,0,,0,,0,,0,,0,,0,,0,,0,,0
"68","10","dio",,5,,5,,0,,0,,0,,0,,0,,0,,0,,0,,0,,0,,0,,0,,0,,0,,0,,0,,0,,0,,0,,0,,0,,0,,0,,0,,0,,0,,0,,0,,0,,0,,0,
"68","25","dio",5,,3,,0,,0,,0,,0,,0,,0,,0,,0,,0,,0,,0,,0,,0,,0,,0,,0,,0,,0,,0,,0,,0,,0,,0,,0,,0,,0,,0,,0,,0,,0,,0,,0
"69","10","cor",,5,,5,,2,,0,,0,,0,,0,,0,,0,,0,,0,,0,,0,,0,,0,,0,,0,,0,,0,,0,,0,,0,,0,,0,,0,,0,,0,,0,,0,,0,,0,,0,,0,
"69","25","cor",5,,5,,5,,5,,5,,5,,5,,5,,5,,0,,0,,0,,0,,0,,0,,0,,0,,0,,0,,0,,0,,0,,0,,0,,0,,0,,0,,0,,0,,0,,0,,0,,0,,0
"70","10","abz",,5,,0,,0,,0,,0,,0,,0,,0,,0,,0,,0,,0,,0,,0,,0,,0,,0,,0,,0,,0,,0,,0,,0,,0,,0,,0,,0,,0,,0,,0,,0,,0,,0,
"70","25","abz",5,,0,,0,,0,,0,,0,,0,,0,,0,,0,,0,,0,,0,,0,,0,,0,,0,,0,,0,,0,,0,,0,,0,,0,,0,,0,,0,,0,,0,,0,,0,,0,,0,,0
"71","10","cd",,0,,0,,0,,0,,0,,0,,0,,0,,0,,0,,0,,0,,0,,0,,0,,0,,0,,0,,0,,0,,0,,0,,0,,0,,0,,0,,0,,0,,0,,0,,0,,0,,0,
"71","25","cd",5,,0,,0,,0,,0,,0,,0,,0,,0,,0,,0,,0,,0,,0,,0,,0,,0,,0,,0,,0,,0,,0,,0,,0,,0,,0,,0,,0,,0,,0,,0,,0,,0,,0
"72","10","mmu",,5,,2,,0,,0,,0,,0,,0,,0,,0,,0,,0,,0,,0,,0,,0,,0,,0,,0,,0,,0,,0,,0,,0,,0,,0,,0,,0,,0,,0,,0,,0,,0,,0,
"72","25","mmu",5,,0,,0,,0,,0,,0,,0,,0,,0,,0,,0,,0,,0,,0,,0,,0,,0,,0,,0,,0,,0,,0,,0,,0,,0,,0,,0,,0,,0,,0,,0,,0,,0,,0
"73","10","psd",,5,,5,,5,,5,,5,,5,,5,,5,,5,,5,,5,,5,,5,,5,,5,,5,,5,,5,,5,,5,,5,,5,,5,,5,,5,,5,,5,,5,,5,,5,,5,,5,,5,
"73","25","psd",5,,5,,4,,4,,4,,4,,4,,4,,4,,4,,4,,4,,4,,4,,4,,4,,4,,4,,4,,4,,4,,4,,4,,4,,4,,4,,4,,4,,4,,4,,4,,4,,4,,4
"74","10","uva",,1,,1,,1,,1,,1,,1,,1,,1,,1,,1,,1,,1,,1,,1,,1,,1,,1,,1,,1,,1,,1,,1,,1,,1,,1,,1,,1,,1,,1,,1,,1,,1,,1,
"74","25","uva",5,,5,,5,,5,,5,,5,,5,,5,,5,,5,,5,,5,,5,,5,,5,,5,,5,,5,,5,,5,,5,,5,,5,,0,,0,,0,,0,,0,,0,,0,,0,,0,,0,,0
"75","10","pol",,0,,0,,0,,0,,0,,0,,0,,0,,0,,0,,0,,0,,0,,0,,0,,0,,0,,0,,0,,0,,0,,0,,0,,0,,0,,0,,0,,0,,0,,0,,0,,0,,0,
"75","25","pol",5,,5,,5,,5,,5,,0,,0,,0,,0,,0,,0,,0,,0,,0,,0,,0,,0,,0,,0,,0,,0,,0,,0,,0,,0,,0,,0,,0,,0,,0,,0,,0,,0,,0
"76","10","dio",,5,,5,,5,,5,,5,,5,,5,,5,,5,,5,,5,,5,,5,,5,,5,,5,,5,,5,,5,,5,,5,,5,,5,,5,,5,,5,,5,,5,,5,,5,,5,,5,,5,
"76","25","dio",5,,5,,5,,5,,5,,5,,5,,5,,5,,5,,5,,5,,5,,5,,5,,5,,5,,5,,5,,1,,1,,1,,1,,1,,1,,1,,1,,1,,1,,1,,1,,1,,1,,1
"77","10","cor",,5,,0,,0,,0,,0,,0,,0,,0,,0,,0,,0,,0,,0,,0,,0,,0,,0,,0,,0,,0,,0,,0,,0,,0,,0,,0,,0,,0,,0,,0,,0,,0,,0,
"77","25","cor",4,,4,,3,,3,,3,,3,,3,,0,,0,,0,,0,,0,,0,,0,,0,,0,,0,,0,,0,,0,,0,,0,,0,,0,,0,,0,,0,,0,,0,,0,,0,,0,,0,,0
"78","10","abz",,5,,1,,0,,0,,0,,0,,0,,0,,0,,0,,0,,0,,0,,0,,0,,0,,0,,0,,0,,0,,0,,0,,0,,0,,0,,0,,0,,0,,0,,0,,0,,0,,0,
"78","25","abz",5,,4,,2,,0,,0,,0,,0,,0,,0,,0,,0,,0,,0,,0,,0,,0,,0,,0,,0,,0,,0,,0,,0,,0,,0,,0,,0,,0,,0,,0,,0,,0,,0,,0
"79","10","cd",,0,,0,,0,,0,,0,,0,,0,,0,,0,,0,,0,,0,,0,,0,,0,,0,,0,,0,,0,,0,,0,,0,,0,,0,,0,,0,,0,,0,,0,,0,,0,,0,,0,
"79","25","cd",5,,0,,0,,0,,0,,0,,0,,0,,0,,0,,0,,0,,0,,0,,0,,0,,0,,0,,0,,0,,0,,0,,0,,0,,0,,0,,0,,0,,0,,0,,0,,0,,0,,0
"80","10","mmu",,5,,0,,0,,0,,0,,0,,0,,0,,0,,0,,0,,0,,0,,0,,0,,0,,0,,0,,0,,0,,0,,0,,0,,0,,0,,0,,0,,0,,0,,0,,0,,0,,0,
"80","25","mmu",5,,5,,0,,0,,0,,0,,0,,0,,0,,0,,0,,0,,0,,0,,0,,0,,0,,0,,0,,0,,0,,0,,0,,0,,0,,0,,0,,0,,0,,0,,0,,0,,0,,0
"81","10","psd",,5,,5,,5,,5,,5,,5,,5,,5,,3,,3,,3,,3,,3,,3,,3,,3,,3,,3,,2,,2,,2,,2,,2,,2,,2,,2,,2,,2,,2,,2,,2,,2,,2,
"81","25","psd",0,,0,,0,,0,,0,,0,,0,,0,,0,,0,,0,,0,,0,,0,,0,,0,,0,,0,,0,,0,,0,,0,,0,,0,,0,,0,,0,,0,,0,,0,,0,,0,,0,,0
"82","10","uva",,5,,5,,5,,5,,3,,3,,3,,2,,2,,2,,2,,2,,0,,0,,0,,0,,0,,0,,0,,0,,0,,0,,0,,0,,0,,0,,0,,0,,0,,0,,0,,0,,0,
"82","25","uva",5,,5,,0,,0,,0,,0,,0,,0,,0,,0,,0,,0,,0,,0,,0,,0,,0,,0,,0,,0,,0,,0,,0,,0,,0,,0,,0,,0,,0,,0,,0,,0,,0,,0
"83","10","pol",,0,,0,,0,,0,,0,,0,,0,,0,,0,,0,,0,,0,,0,,0,,0,,0,,0,,0,,0,,0,,0,,0,,0,,0,,0,,0,,0,,0,,0,,0,,0,,0,,0,
"83","25","pol",5,,5,,0,,0,,0,,0,,0,,0,,0,,0,,0,,0,,0,,0,,0,,0,,0,,0,,0,,0,,0,,0,,0,,0,,0,,0,,0,,0,,0,,0,,0,,0,,0,,0
"84","10","dio",,5,,5,,5,,5,,3,,3,,3,,3,,1,,1,,1,,1,,1,,1,,1,,1,,1,,1,,1,,1,,1,,1,,1,,1,,1,,1,,1,,1,,1,,1,,1,,1,,1,
"84","25","dio",5,,5,,0,,0,,0,,0,,0,,0,,0,,0,,0,,0,,0,,0,,0,,0,,0,,0,,0,,0,,0,,0,,0,,0,,0,,0,,0,,0,,0,,0,,0,,0,,0,,0
"85","10","cor",,5,,1,,1,,1,,1,,1,,1,,1,,1,,1,,1,,1,,1,,1,,1,,1,,1,,1,,0,,0,,0,,0,,0,,0,,0,,0,,0,,0,,0,,0,,0,,0,,0,
"85","25","cor",5,,4,,4,,4,,4,,4,,4,,4,,4,,4,,4,,4,,4,,4,,4,,4,,4,,4,,4,,4,,4,,4,,4,,4,,4,,4,,4,,4,,4,,4,,4,,4,,4,,4
"86","10","abz",,5,,5,,4,,4,,0,,0,,0,,0,,0,,0,,0,,0,,0,,0,,0,,0,,0,,0,,0,,0,,0,,0,,0,,0,,0,,0,,0,,0,,0,,0,,0,,0,,0,
"86","25","abz",5,,5,,0,,0,,0,,0,,0,,0,,0,,0,,0,,0,,0,,0,,0,,0,,0,,0,,0,,0,,0,,0,,0,,0,,0,,0,,0,,0,,0,,0,,0,,0,,0,,0
"87","10","cd",,5,,5,,0,,0,,0,,0,,0,,0,,0,,0,,0,,0,,0,,0,,0,,0,,0,,0,,0,,0,,0,,0,,0,,0,,0,,0,,0,,0,,0,,0,,0,,0,,0,
"87","25","cd",0,,0,,0,,0,,0,,0,,0,,0,,0,,0,,0,,0,,0,,0,,0,,0,,0,,0,,0,,0,,0,,0,,0,,0,,0,,0,,0,,0,,0,,0,,0,,0,,0,,0
"88","10","mmu",,5,,2,,0,,0,,0,,0,,0,,0,,0,,0,,0,,0,,0,,0,,0,,0,,0,,0,,0,,0,,0,,0,,0,,0,,0,,0,,0,,0,,0,,0,,0,,0,,0,
"88","25","mmu",5,,5,,0,,0,,0,,0,,0,,0,,0,,0,,0,,0,,0,,0,,0,,0,,0,,0,,0,,0,,0,,0,,0,,0,,0,,0,,0,,0,,0,,0,,0,,0,,0,,0
"89","10","psd",,5,,4,,2,,2,,0,,0,,0,,0,,0,,0,,0,,0,,0,,0,,0,,0,,0,,0,,0,,0,,0,,0,,0,,0,,0,,0,,0,,0,,0,,0,,0,,0,,0,
"89","25","psd",5,,5,,0,,0,,0,,0,,0,,0,,0,,0,,0,,0,,0,,0,,0,,0,,0,,0,,0,,0,,0,,0,,0,,0,,0,,0,,0,,0,,0,,0,,0,,0,,0,,0
"90","10","uva",,5,,5,,1,,0,,0,,0,,0,,0,,0,,0,,0,,0,,0,,0,,0,,0,,0,,0,,0,,0,,0,,0,,0,,0,,0,,0,,0,,0,,0,,0,,0,,0,,0,
"90","25","uva",5,,4,,0,,0,,0,,0,,0,,0,,0,,0,,0,,0,,0,,0,,0,,0,,0,,0,,0,,0,,0,,0,,0,,0,,0,,0,,0,,0,,0,,0,,0,,0,,0,,0
"91","10","pol",,0,,0,,0,,0,,0,,0,,0,,0,,0,,0,,0,,0,,0,,0,,0,,0,,0,,0,,0,,0,,0,,0,,0,,0,,0,,0,,0,,0,,0,,0,,0,,0,,0,
"91","25","pol",5,,5,,0,,0,,0,,0,,0,,0,,0,,0,,0,,0,,0,,0,,0,,0,,0,,0,,0,,0,,0,,0,,0,,0,,0,,0,,0,,0,,0,,0,,0,,0,,0,,0
"92","10","dio",,5,,5,,5,,0,,0,,0,,0,,0,,0,,0,,0,,0,,0,,0,,0,,0,,0,,0,,0,,0,,0,,0,,0,,0,,0,,0,,0,,0,,0,,0,,0,,0,,0,
"92","25","dio",5,,5,,4,,1,,0,,0,,0,,0,,0,,0,,0,,0,,0,,0,,0,,0,,0,,0,,0,,0,,0,,0,,0,,0,,0,,0,,0,,0,,0,,0,,0,,0,,0,,0
"93","10","cor",,5,,5,,0,,0,,0,,0,,0,,0,,0,,0,,0,,0,,0,,0,,0,,0,,0,,0,,0,,0,,0,,0,,0,,0,,0,,0,,0,,0,,0,,0,,0,,0,,0,
"93","25","cor",5,,3,,0,,0,,0,,0,,0,,0,,0,,0,,0,,0,,0,,0,,0,,0,,0,,0,,0,,0,,0,,0,,0,,0,,0,,0,,0,,0,,0,,0,,0,,0,,0,,0
"94","10","abz",,5,,0,,0,,0,,0,,0,,0,,0,,0,,0,,0,,0,,0,,0,,0,,0,,0,,0,,0,,0,,0,,0,,0,,0,,0,,0,,0,,0,,0,,0,,0,,0,,0,
"94","25","abz",2,,0,,0,,0,,0,,0,,0,,0,,0,,0,,0,,0,,0,,0,,0,,0,,0,,0,,0,,0,,0,,0,,0,,0,,0,,0,,0,,0,,0,,0,,0,,0,,0,,0
"95","10","cd",,2,,0,,0,,0,,0,,0,,0,,0,,0,,0,,0,,0,,0,,0,,0,,0,,0,,0,,0,,0,,0,,0,,0,,0,,0,,0,,0,,0,,0,,0,,0,,0,,0,
"95","25","cd",5,,4,,0,,0,,0,,0,,0,,0,,0,,0,,0,,0,,0,,0,,0,,0,,0,,0,,0,,0,,0,,0,,0,,0,,0,,0,,0,,0,,0,,0,,0,,0,,0,,0
"96","10","mmu",,5,,5,,0,,0,,0,,0,,0,,0,,0,,0,,0,,0,,0,,0,,0,,0,,0,,0,,0,,0,,0,,0,,0,,0,,0,,0,,0,,0,,0,,0,,0,,0,,0,
"96","25","mmu",5,,5,,5,,0,,0,,0,,0,,0,,0,,0,,0,,0,,0,,0,,0,,0,,0,,0,,0,,0,,0,,0,,0,,0,,0,,0,,0,,0,,0,,0,,0,,0,,0,,0
"97","10","psd",,5,,5,,0,,0,,0,,0,,0,,0,,0,,0,,0,,0,,0,,0,,0,,0,,0,,0,,0,,0,,0,,0,,0,,0,,0,,0,,0,,0,,0,,0,,0,,0,,0,
"97","25","psd",5,,3,,3,,0,,0,,0,,0,,0,,0,,0,,0,,0,,0,,0,,0,,0,,0,,0,,0,,0,,0,,0,,0,,0,,0,,0,,0,,0,,0,,0,,0,,0,,0,,0
"98","10","uva",,5,,5,,0,,0,,0,,0,,0,,0,,0,,0,,0,,0,,0,,0,,0,,0,,0,,0,,0,,0,,0,,0,,0,,0,,0,,0,,0,,0,,0,,0,,0,,0,,0,
"98","25","uva",5,,5,,0,,0,,0,,0,,0,,0,,0,,0,,0,,0,,0,,0,,0,,0,,0,,0,,0,,0,,0,,0,,0,,0,,0,,0,,0,,0,,0,,0,,0,,0,,0,,0
"99","10","pol",,5,,5,,3,,0,,0,,0,,0,,0,,0,,0,,0,,0,,0,,0,,0,,0,,0,,0,,0,,0,,0,,0,,0,,0,,0,,0,,0,,0,,0,,0,,0,,0,,0,
"99","25","pol",5,,0,,0,,0,,0,,0,,0,,0,,0,,0,,0,,0,,0,,0,,0,,0,,0,,0,,0,,0,,0,,0,,0,,0,,0,,0,,0,,0,,0,,0,,0,,0,,0,,0
"100","10","dio",,5,,5,,5,,5,,5,,5,,5,,5,,5,,5,,5,,5,,5,,5,,5,,5,,5,,5,,0,,0,,0,,0,,0,,0,,0,,0,,0,,0,,0,,0,,0,,0,,0,
"100","25","dio",5,,3,,0,,0,,0,,0,,0,,0,,0,,0,,0,,0,,0,,0,,0,,0,,0,,0,,0,,0,,0,,0,,0,,0,,0,,0,,0,,0,,0,,0,,0,,0,,0,,0
"101","10","cor",,5,,5,,5,,5,,5,,5,,5,,5,,5,,2,,2,,2,,2,,2,,2,,2,,2,,2,,2,,2,,2,,2,,2,,2,,2,,2,,2,,2,,2,,2,,2,,2,,2,
"101","25","cor",5,,5,,5,,5,,5,,5,,5,,5,,5,,5,,5,,5,,5,,5,,5,,5,,5,,5,,5,,5,,5,,5,,5,,5,,5,,5,,5,,5,,5,,5,,5,,5,,5,,5
"102","10","abz",,5,,5,,0,,0,,0,,0,,0,,0,,0,,0,,0,,0,,0,,0,,0,,0,,0,,0,,0,,0,,0,,0,,0,,0,,0,,0,,0,,0,,0,,0,,0,,0,,0,
"102","25","abz",5,,5,,5,,5,,5,,4,,4,,4,,4,,4,,4,,4,,4,,4,,4,,4,,4,,4,,4,,4,,4,,4,,4,,4,,4,,4,,4,,4,,4,,4,,4,,4,,4,,4
"103","10","cd",,5,,5,,5,,0,,0,,0,,0,,0,,0,,0,,0,,0,,0,,0,,0,,0,,0,,0,,0,,0,,0,,0,,0,,0,,0,,0,,0,,0,,0,,0,,0,,0,,0,
"103","25","cd",5,,5,,0,,0,,0,,0,,0,,0,,0,,0,,0,,0,,0,,0,,0,,0,,0,,0,,0,,0,,0,,0,,0,,0,,0,,0,,0,,0,,0,,0,,0,,0,,0,,0
"104","10","mmu",,5,,4,,4,,4,,4,,1,,0,,0,,0,,0,,0,,0,,0,,0,,0,,0,,0,,0,,0,,0,,0,,0,,0,,0,,0,,0,,0,,0,,0,,0,,0,,0,,0,
"104","25","mmu",5,,4,,0,,0,,0,,0,,0,,0,,0,,0,,0,,0,,0,,0,,0,,0,,0,,0,,0,,0,,0,,0,,0,,0,,0,,0,,0,,0,,0,,0,,0,,0,,0,,0
"105","10","psd",,5,,1,,1,,0,,0,,0,,0,,0,,0,,0,,0,,0,,0,,0,,0,,0,,0,,0,,0,,0,,0,,0,,0,,0,,0,,0,,0,,0,,0,,0,,0,,0,,0,
"105","25","psd",5,,4,,4,,3,,3,,3,,3,,3,,2,,2,,2,,2,,2,,2,,2,,2,,2,,2,,2,,2,,2,,2,,2,,2,,2,,2,,2,,2,,2,,2,,2,,2,,2,,2
"106","10","uva",,5,,5,,2,,2,,2,,2,,2,,0,,0,,0,,0,,0,,0,,0,,0,,0,,0,,0,,0,,0,,0,,0,,0,,0,,0,,0,,0,,0,,0,,0,,0,,0,,0,
"106","25","uva",5,,4,,4,,4,,3,,3,,3,,3,,3,,3,,3,,3,,0,,0,,0,,0,,0,,0,,0,,0,,0,,0,,0,,0,,0,,0,,0,,0,,0,,0,,0,,0,,0,,0
"107","10","pol",,5,,1,,0,,0,,0,,0,,0,,0,,0,,0,,0,,0,,0,,0,,0,,0,,0,,0,,0,,0,,0,,0,,0,,0,,0,,0,,0,,0,,0,,0,,0,,0,,0,
"107","25","pol",4,,4,,0,,0,,0,,0,,0,,0,,0,,0,,0,,0,,0,,0,,0,,0,,0,,0,,0,,0,,0,,0,,0,,0,,0,,0,,0,,0,,0,,0,,0,,0,,0,,0
"108","10","dio",,3,,0,,0,,0,,0,,0,,0,,0,,0,,0,,0,,0,,0,,0,,0,,0,,0,,0,,0,,0,,0,,0,,0,,0,,0,,0,,0,,0,,0,,0,,0,,0,,0,
"108","25","dio",5,,5,,5,,5,,5,,5,,5,,4,,2,,2,,2,,2,,2,,2,,2,,2,,2,,2,,0,,0,,0,,0,,0,,0,,0,,0,,0,,0,,0,,0,,0,,0,,0,,0
"109","10","cor",,5,,5,,5,,0,,0,,0,,0,,0,,0,,0,,0,,0,,0,,0,,0,,0,,0,,0,,0,,0,,0,,0,,0,,0,,0,,0,,0,,0,,0,,0,,0,,0,,0,
"109","25","cor",5,,5,,5,,5,,5,,5,,5,,5,,5,,5,,5,,5,,5,,5,,5,,5,,5,,5,,5,,5,,5,,5,,5,,5,,5,,5,,5,,5,,5,,5,,5,,5,,5,,5
"110","10","abz",,5,,4,,0,,0,,0,,0,,0,,0,,0,,0,,0,,0,,0,,0,,0,,0,,0,,0,,0,,0,,0,,0,,0,,0,,0,,0,,0,,0,,0,,0,,0,,0,,0,
"110","25","abz",5,,5,,1,,1,,0,,0,,0,,0,,0,,0,,0,,0,,0,,0,,0,,0,,0,,0,,0,,0,,0,,0,,0,,0,,0,,0,,0,,0,,0,,0,,0,,0,,0,,0
"111","10","cd",,5,,5,,0,,0,,0,,0,,0,,0,,0,,0,,0,,0,,0,,0,,0,,0,,0,,0,,0,,0,,0,,0,,0,,0,,0,,0,,0,,0,,0,,0,,0,,0,,0,
"111","25","cd",5,,5,,5,,5,,5,,5,,4,,4,,4,,4,,4,,4,,4,,4,,4,,4,,4,,4,,3,,2,,2,,2,,2,,2,,2,,2,,2,,2,,2,,2,,2,,2,,2,,2
"112","10","mmu",,5,,5,,2,,0,,0,,0,,0,,0,,0,,0,,0,,0,,0,,0,,0,,0,,0,,0,,0,,0,,0,,0,,0,,0,,0,,0,,0,,0,,0,,0,,0,,0,,0,
"112","25","mmu",5,,5,,5,,5,,5,,5,,5,,0,,0,,0,,0,,0,,0,,0,,0,,0,,0,,0,,0,,0,,0,,0,,0,,0,,0,,0,,0,,0,,0,,0,,0,,0,,0,,0
"113","10","psd",,5,,5,,5,,3,,3,,3,,3,,3,,3,,3,,3,,3,,3,,3,,3,,3,,3,,3,,3,,3,,3,,3,,3,,3,,3,,3,,3,,3,,3,,3,,3,,3,,3,
"113","25","psd",4,,4,,4,,4,,4,,4,,4,,3,,2,,2,,2,,2,,2,,2,,2,,2,,2,,2,,2,,2,,2,,2,,2,,2,,2,,2,,2,,2,,2,,2,,2,,2,,2,,2
"114","10","uva",,5,,5,,5,,5,,5,,5,,4,,4,,4,,4,,4,,4,,3,,3,,3,,3,,3,,3,,3,,3,,3,,3,,3,,3,,3,,3,,3,,3,,3,,3,,3,,3,,3,
"114","25","uva",5,,5,,5,,5,,5,,5,,5,,5,,5,,5,,5,,5,,5,,5,,5,,5,,5,,5,,5,,5,,5,,5,,5,,5,,5,,5,,5,,5,,5,,5,,5,,5,,5,,5
"115","10","pol",,5,,3,,3,,3,,2,,2,,2,,2,,2,,2,,0,,0,,0,,0,,0,,0,,0,,0,,0,,0,,0,,0,,0,,0,,0,,0,,0,,0,,0,,0,,0,,0,,0,
"115","25","pol",5,,5,,5,,5,,1,,1,,0,,0,,0,,0,,0,,0,,0,,0,,0,,0,,0,,0,,0,,0,,0,,0,,0,,0,,0,,0,,0,,0,,0,,0,,0,,0,,0,,0
"116","10","dio",,5,,5,,5,,5,,2,,2,,2,,2,,2,,2,,2,,2,,2,,2,,2,,2,,2,,2,,2,,2,,2,,2,,2,,2,,2,,2,,2,,2,,2,,2,,2,,2,,2,
"116","25","dio",5,,5,,5,,4,,4,,3,,3,,2,,2,,2,,0,,0,,0,,0,,0,,0,,0,,0,,0,,0,,0,,0,,0,,0,,0,,0,,0,,0,,0,,0,,0,,0,,0,,0
"117","10","cor",,5,,5,,5,,5,,5,,5,,5,,5,,5,,5,,5,,5,,5,,5,,5,,5,,5,,5,,5,,5,,5,,5,,5,,5,,5,,5,,5,,5,,5,,5,,5,,5,,5,
"117","25","cor",5,,5,,0,,0,,0,,0,,0,,0,,0,,0,,0,,0,,0,,0,,0,,0,,0,,0,,0,,0,,0,,0,,0,,0,,0,,0,,0,,0,,0,,0,,0,,0,,0,,0
"118","10","abz",,5,,5,,5,,3,,0,,0,,0,,0,,0,,0,,0,,0,,0,,0,,0,,0,,0,,0,,0,,0,,0,,0,,0,,0,,0,,0,,0,,0,,0,,0,,0,,0,,0,
"118","25","abz",5,,5,,5,,4,,1,,0,,0,,0,,0,,0,,0,,0,,0,,0,,0,,0,,0,,0,,0,,0,,0,,0,,0,,0,,0,,0,,0,,0,,0,,0,,0,,0,,0,,0
"119","10","cd",,5,,5,,0,,0,,0,,0,,0,,0,,0,,0,,0,,0,,0,,0,,0,,0,,0,,0,,0,,0,,0,,0,,0,,0,,0,,0,,0,,0,,0,,0,,0,,0,,0,
"119","25","cd",5,,5,,5,,0,,0,,0,,0,,0,,0,,0,,0,,0,,0,,0,,0,,0,,0,,0,,0,,0,,0,,0,,0,,0,,0,,0,,0,,0,,0,,0,,0,,0,,0,,0
"120","10","mmu",,5,,5,,5,,0,,0,,0,,0,,0,,0,,0,,0,,0,,0,,0,,0,,0,,0,,0,,0,,0,,0,,0,,0,,0,,0,,0,,0,,0,,0,,0,,0,,0,,0,
"120","25","mmu",5,,4,,3,,1,,1,,0,,0,,0,,0,,0,,0,,0,,0,,0,,0,,0,,0,,0,,0,,0,,0,,0,,0,,0,,0,,0,,0,,0,,0,,0,,0,,0,,0,,0
"121","10","psd",,5,,5,,5,,5,,5,,5,,5,,5,,5,,5,,5,,5,,5,,5,,5,,5,,5,,5,,4,,4,,4,,4,,4,,4,,4,,4,,4,,4,,4,,4,,4,,4,,4,
"121","25","psd",4,,4,,0,,0,,0,,0,,0,,0,,0,,0,,0,,0,,0,,0,,0,,0,,0,,0,,0,,0,,0,,0,,0,,0,,0,,0,,0,,0,,0,,0,,0,,0,,0,,0
"122","10","uva",,5,,5,,5,,5,,5,,5,,5,,5,,5,,5,,5,,5,,5,,5,,5,,5,,5,,5,,5,,5,,5,,5,,5,,5,,5,,5,,5,,5,,5,,5,,5,,5,,5,
"122","25","uva",5,,5,,5,,5,,5,,5,,5,,5,,5,,5,,5,,5,,5,,5,,5,,5,,5,,5,,5,,5,,5,,5,,5,,5,,5,,5,,5,,5,,5,,5,,5,,5,,5,,5
"123","10","pol",,5,,0,,0,,0,,0,,0,,0,,0,,0,,0,,0,,0,,0,,0,,0,,0,,0,,0,,0,,0,,0,,0,,0,,0,,0,,0,,0,,0,,0,,0,,0,,0,,0,
"123","25","pol",3,,2,,2,,2,,2,,2,,2,,2,,2,,2,,0,,0,,0,,0,,0,,0,,0,,0,,0,,0,,0,,0,,0,,0,,0,,0,,0,,0,,0,,0,,0,,0,,0,,0
"124","10","dio",,5,,5,,5,,5,,5,,5,,5,,5,,5,,5,,5,,5,,5,,5,,5,,5,,5,,5,,3,,3,,3,,3,,3,,3,,3,,3,,3,,3,,3,,3,,3,,3,,3,
"124","25","dio",5,,5,,4,,2,,2,,2,,2,,2,,2,,2,,2,,2,,2,,2,,2,,2,,2,,2,,2,,2,,2,,2,,2,,2,,2,,2,,2,,2,,2,,2,,2,,2,,2,,2
"125","10","cor",,5,,5,,5,,3,,3,,3,,3,,2,,2,,2,,2,,2,,2,,2,,2,,2,,2,,2,,2,,2,,2,,2,,2,,2,,2,,2,,2,,2,,2,,2,,2,,2,,2,
"125","25","cor",5,,5,,4,,4,,3,,3,,3,,3,,3,,3,,3,,3,,3,,3,,3,,3,,3,,3,,3,,3,,3,,3,,3,,3,,3,,3,,3,,3,,3,,3,,3,,3,,3,,3
"126","10","abz",,5,,5,,0,,0,,0,,0,,0,,0,,0,,0,,0,,0,,0,,0,,0,,0,,0,,0,,0,,0,,0,,0,,0,,0,,0,,0,,0,,0,,0,,0,,0,,0,,0,
"126","25","abz",5,,5,,5,,0,,0,,0,,0,,0,,0,,0,,0,,0,,0,,0,,0,,0,,0,,0,,0,,0,,0,,0,,0,,0,,0,,0,,0,,0,,0,,0,,0,,0,,0,,0
"127","10","cd",,5,,5,,5,,5,,5,,5,,2,,1,,1,,1,,0,,0,,0,,0,,0,,0,,0,,0,,0,,0,,0,,0,,0,,0,,0,,0,,0,,0,,0,,0,,0,,0,,0,
"127","25","cd",0,,0,,0,,0,,0,,0,,0,,0,,0,,0,,0,,0,,0,,0,,0,,0,,0,,0,,0,,0,,0,,0,,0,,0,,0,,0,,0,,0,,0,,0,,0,,0,,0,,0
"128","10","mmu",,5,,5,,5,,0,,0,,0,,0,,0,,0,,0,,0,,0,,0,,0,,0,,0,,0,,0,,0,,0,,0,,0,,0,,0,,0,,0,,0,,0,,0,,0,,0,,0,,0,
"128","25","mmu",5,,5,,5,,0,,0,,0,,0,,0,,0,,0,,0,,0,,0,,0,,0,,0,,0,,0,,0,,0,,0,,0,,0,,0,,0,,0,,0,,0,,0,,0,,0,,0,,0,,0
"129","10","psd",,5,,5,,5,,4,,4,,4,,4,,4,,4,,4,,4,,4,,4,,4,,4,,4,,4,,4,,4,,4,,4,,4,,4,,4,,4,,4,,4,,4,,4,,4,,4,,4,,4,
"129","25","psd",5,,5,,5,,4,,4,,4,,4,,4,,4,,4,,4,,4,,4,,4,,4,,4,,4,,4,,4,,4,,4,,4,,4,,4,,4,,4,,4,,4,,4,,4,,4,,4,,4,,4
"130","10","uva",,5,,4,,4,,4,,4,,4,,4,,4,,4,,4,,4,,4,,4,,4,,4,,4,,4,,4,,4,,4,,4,,4,,4,,4,,4,,4,,4,,4,,4,,4,,4,,4,,4,
"130","25","uva",5,,5,,5,,0,,0,,0,,0,,0,,0,,0,,0,,0,,0,,0,,0,,0,,0,,0,,0,,0,,0,,0,,0,,0,,0,,0,,0,,0,,0,,0,,0,,0,,0,,0
"131","10","pol",,5,,0,,0,,0,,0,,0,,0,,0,,0,,0,,0,,0,,0,,0,,0,,0,,0,,0,,0,,0,,0,,0,,0,,0,,0,,0,,0,,0,,0,,0,,0,,0,,0,
"131","25","pol",5,,4,,3,,0,,0,,0,,0,,0,,0,,0,,0,,0,,0,,0,,0,,0,,0,,0,,0,,0,,0,,0,,0,,0,,0,,0,,0,,0,,0,,0,,0,,0,,0,,0
"132","10","dio",,5,,5,,5,,5,,5,,5,,5,,5,,5,,5,,5,,5,,5,,5,,5,,5,,5,,5,,4,,4,,4,,4,,4,,4,,4,,4,,4,,4,,4,,4,,4,,4,,4,
"132","25","dio",5,,5,,5,,5,,5,,5,,0,,0,,0,,0,,0,,0,,0,,0,,0,,0,,0,,0,,0,,0,,0,,0,,0,,0,,0,,0,,0,,0,,0,,0,,0,,0,,0,,0
"133","10","cor",,5,,5,,5,,5,,5,,5,,5,,5,,5,,5,,5,,5,,5,,5,,5,,5,,5,,5,,4,,4,,4,,4,,4,,4,,4,,4,,4,,4,,4,,4,,4,,4,,4,
"133","25","cor",5,,5,,5,,5,,5,,5,,5,,1,,0,,0,,0,,0,,0,,0,,0,,0,,0,,0,,0,,0,,0,,0,,0,,0,,0,,0,,0,,0,,0,,0,,0,,0,,0,,0
"134","10","abz",,5,,1,,0,,0,,0,,0,,0,,0,,0,,0,,0,,0,,0,,0,,0,,0,,0,,0,,0,,0,,0,,0,,0,,0,,0,,0,,0,,0,,0,,0,,0,,0,,0,
"134","25","abz",5,,5,,5,,0,,0,,0,,0,,0,,0,,0,,0,,0,,0,,0,,0,,0,,0,,0,,0,,0,,0,,0,,0,,0,,0,,0,,0,,0,,0,,0,,0,,0,,0,,0
"135","10","cd",,5,,5,,0,,0,,0,,0,,0,,0,,0,,0,,0,,0,,0,,0,,0,,0,,0,,0,,0,,0,,0,,0,,0,,0,,0,,0,,0,,0,,0,,0,,0,,0,,0,
"135","25","cd",5,,0,,0,,0,,0,,0,,0,,0,,0,,0,,0,,0,,0,,0,,0,,0,,0,,0,,0,,0,,0,,0,,0,,0,,0,,0,,0,,0,,0,,0,,0,,0,,0,,0
"136","10","mmu",,5,,0,,0,,0,,0,,0,,0,,0,,0,,0,,0,,0,,0,,0,,0,,0,,0,,0,,0,,0,,0,,0,,0,,0,,0,,0,,0,,0,,0,,0,,0,,0,,0,
"136","25","mmu",5,,5,,5,,5,,4,,2,,0,,0,,0,,0,,0,,0,,0,,0,,0,,0,,0,,0,,0,,0,,0,,0,,0,,0,,0,,0,,0,,0,,0,,0,,0,,0,,0,,0
"137","10","psd",,5,,5,,5,,5,,5,,5,,5,,5,,5,,5,,5,,5,,5,,5,,5,,5,,5,,5,,5,,5,,5,,5,,5,,5,,5,,5,,5,,5,,5,,5,,5,,5,,5,
"137","25","psd",5,,5,,5,,5,,5,,5,,5,,5,,5,,0,,0,,0,,0,,0,,0,,0,,0,,0,,0,,0,,0,,0,,0,,0,,0,,0,,0,,0,,0,,0,,0,,0,,0,,0
"138","10","uva",,5,,5,,5,,5,,5,,5,,5,,5,,5,,5,,5,,5,,5,,5,,5,,5,,5,,5,,5,,5,,5,,5,,5,,5,,5,,5,,5,,5,,5,,5,,5,,5,,5,
"138","25","uva",5,,5,,5,,5,,5,,5,,5,,5,,5,,5,,5,,5,,5,,5,,5,,5,,5,,5,,5,,5,,5,,5,,5,,5,,5,,5,,5,,5,,5,,5,,5,,5,,5,,5
"139","10","pol",,4,,0,,0,,0,,0,,0,,0,,0,,0,,0,,0,,0,,0,,0,,0,,0,,0,,0,,0,,0,,0,,0,,0,,0,,0,,0,,0,,0,,0,,0,,0,,0,,0,
"139","25","pol",5,,0,,0,,0,,0,,0,,0,,0,,0,,0,,0,,0,,0,,0,,0,,0,,0,,0,,0,,0,,0,,0,,0,,0,,0,,0,,0,,0,,0,,0,,0,,0,,0,,0
"140","10","dio",,5,,5,,5,,5,,5,,5,,5,,5,,5,,5,,5,,5,,5,,5,,5,,5,,5,,5,,5,,5,,5,,5,,5,,5,,5,,5,,5,,5,,5,,5,,5,,5,,5,
"140","25","dio",5,,5,,5,,5,,5,,5,,5,,5,,5,,5,,5,,5,,5,,5,,5,,5,,5,,5,,4,,4,,4,,4,,4,,4,,4,,4,,4,,4,,4,,4,,4,,4,,4,,4
"141","10","cor",,5,,5,,5,,5,,5,,5,,5,,5,,5,,5,,5,,5,,5,,5,,5,,5,,5,,5,,5,,5,,5,,5,,5,,5,,5,,5,,5,,5,,5,,5,,5,,5,,5,
"141","25","cor",5,,3,,3,,3,,3,,3,,3,,3,,3,,3,,0,,0,,0,,0,,0,,0,,0,,0,,0,,0,,0,,0,,0,,0,,0,,0,,0,,0,,0,,0,,0,,0,,0,,0
"142","10","abz",,5,,4,,4,,3,,3,,3,,3,,3,,3,,3,,3,,3,,3,,3,,3,,3,,3,,3,,1,,1,,1,,1,,1,,1,,1,,1,,1,,1,,1,,1,,1,,1,,1,
"142","25","abz",5,,5,,0,,0,,0,,0,,0,,0,,0,,0,,0,,0,,0,,0,,0,,0,,0,,0,,0,,0,,0,,0,,0,,0,,0,,0,,0,,0,,0,,0,,0,,0,,0,,0
"143","10","cd",,5,,5,,5,,4,,4,,4,,4,,4,,4,,3,,3,,3,,3,,3,,3,,3,,3,,3,,1,,1,,1,,1,,1,,1,,1,,1,,1,,1,,1,,1,,1,,1,,1,
"143","25","cd",0,,0,,0,,0,,0,,0,,0,,0,,0,,0,,0,,0,,0,,0,,0,,0,,0,,0,,0,,0,,0,,0,,0,,0,,0,,0,,0,,0,,0,,0,,0,,0,,0,,0
"144","10","mmu",,5,,5,,5,,5,,5,,5,,5,,5,,5,,5,,5,,5,,5,,5,,5,,5,,5,,5,,1,,1,,1,,1,,1,,1,,1,,1,,1,,1,,1,,1,,1,,1,,1,
"144","25","mmu",5,,0,,0,,0,,0,,0,,0,,0,,0,,0,,0,,0,,0,,0,,0,,0,,0,,0,,0,,0,,0,,0,,0,,0,,0,,0,,0,,0,,0,,0,,0,,0,,0,,0
"145","10","psd",,5,,5,,5,,5,,5,,5,,5,,5,,5,,5,,5,,5,,5,,5,,5,,5,,5,,5,,5,,5,,5,,5,,5,,5,,5,,5,,5,,5,,5,,5,,5,,5,,5,
"145","25","psd",5,,3,,3,,3,,3,,3,,3,,3,,3,,3,,3,,3,,3,,3,,3,,3,,3,,3,,2,,2,,2,,2,,2,,2,,2,,2,,2,,2,,2,,2,,2,,2,,2,,2
"146","10","uva",,3,,3,,3,,3,,3,,3,,3,,3,,3,,3,,3,,3,,3,,3,,3,,3,,3,,3,,3,,3,,3,,3,,3,,3,,3,,3,,3,,3,,3,,3,,3,,3,,3,
"146","25","uva",5,,2,,1,,1,,1,,1,,1,,1,,1,,1,,1,,1,,1,,1,,1,,1,,1,,1,,1,,1,,1,,1,,1,,1,,1,,1,,1,,1,,1,,1,,,,0,,0,,0
"147","10","pol",,4,,4,,4,,2,,0,,0,,0,,0,,0,,0,,0,,0,,0,,0,,0,,0,,0,,0,,0,,0,,0,,0,,0,,0,,0,,0,,0,,0,,0,,0,,0,,0,,0,
"147","25","pol",5,,0,,0,,0,,0,,0,,0,,0,,0,,0,,0,,0,,0,,0,,0,,0,,0,,0,,0,,0,,0,,0,,0,,0,,0,,0,,0,,0,,0,,0,,0,,0,,0,,0
"148","10","dio",,5,,5,,5,,5,,5,,5,,5,,5,,1,,1,,1,,1,,1,,1,,1,,1,,1,,1,,1,,1,,1,,1,,1,,1,,1,,1,,1,,1,,1,,1,,1,,1,,1,
"148","25","dio",5,,5,,5,,5,,5,,5,,5,,5,,5,,5,,5,,5,,5,,5,,5,,5,,5,,5,,5,,5,,5,,5,,5,,5,,5,,5,,5,,5,,5,,5,,5,,5,,5,,5
"149","10","cor",,5,,5,,5,,5,,5,,5,,5,,5,,5,,5,,5,,5,,5,,5,,5,,5,,5,,5,,5,,5,,5,,5,,5,,5,,5,,5,,5,,5,,5,,5,,5,,5,,5,
"149","25","cor",5,,5,,5,,5,,5,,5,,5,,5,,5,,5,,5,,5,,0,,0,,0,,0,,0,,0,,0,,0,,0,,0,,0,,0,,0,,0,,0,,0,,0,,0,,0,,0,,0,,0
"150","10","abz",,4,,4,,4,,2,,2,,2,,2,,2,,2,,2,,2,,2,,2,,2,,2,,2,,2,,2,,2,,2,,2,,2,,2,,2,,2,,2,,2,,2,,2,,2,,2,,2,,2,
"150","25","abz",4,,4,,4,,4,,1,,1,,1,,1,,1,,1,,1,,1,,1,,1,,1,,1,,1,,1,,1,,1,,1,,1,,1,,1,,1,,1,,1,,1,,1,,1,,1,,1,,1,,1
"151","10","cd",,4,,3,,3,,3,,3,,3,,0,,0,,0,,0,,0,,0,,0,,0,,0,,0,,0,,0,,0,,0,,0,,0,,0,,0,,0,,0,,0,,0,,0,,0,,0,,0,,0,
"151","25","cd",5,,5,,5,,3,,3,,3,,3,,3,,3,,3,,3,,3,,3,,3,,3,,3,,3,,3,,3,,3,,3,,3,,3,,3,,3,,3,,3,,3,,3,,3,,3,,3,,3,,3
"152","10","mmu",,5,,5,,5,,5,,5,,5,,5,,5,,5,,5,,5,,5,,5,,5,,5,,5,,5,,5,,5,,5,,5,,5,,5,,5,,5,,5,,5,,5,,5,,5,,5,,5,,5,
"152","25","mmu",5,,5,,5,,5,,5,,4,,4,,4,,4,,4,,4,,4,,4,,4,,4,,4,,4,,4,,4,,4,,4,,3,,3,,3,,3,,3,,3,,3,,3,,3,,3,,3,,3,,3
"153","10","psd",,5,,5,,5,,5,,5,,5,,5,,5,,5,,5,,5,,5,,5,,5,,5,,5,,5,,5,,5,,5,,5,,5,,5,,5,,5,,5,,5,,5,,5,,5,,5,,5,,5,
"153","25","psd",5,,5,,5,,5,,4,,4,,4,,4,,4,,4,,4,,4,,4,,4,,4,,4,,4,,4,,4,,4,,4,,4,,4,,3,,3,,3,,3,,3,,3,,3,,3,,3,,3,,3
"154","10","uva",,5,,5,,5,,5,,5,,5,,5,,5,,5,,5,,5,,5,,5,,5,,5,,5,,5,,5,,5,,5,,5,,5,,5,,5,,5,,5,,5,,5,,5,,5,,5,,5,,5,
"154","25","uva",4,,4,,4,,4,,4,,3,,3,,3,,3,,3,,3,,3,,3,,3,,3,,3,,3,,3,,3,,3,,3,,3,,3,,3,,3,,3,,3,,3,,3,,3,,3,,3,,3,,3
"155","10","pol",,0,,0,,0,,0,,0,,0,,0,,,,0,,0,,0,,0,,0,,0,,0,,0,,0,,0,,0,,0,,0,,0,,0,,0,,0,,0,,0,,0,,0,,0,,0,,0,,0,
"155","25","pol",5,,5,,3,,3,,3,,3,,3,,3,,3,,3,,1,,1,,1,,1,,1,,1,,1,,1,,1,,1,,1,,1,,1,,1,,1,,1,,1,,1,,1,,1,,1,,1,,1,,1
"156","10","dio",,5,,5,,5,,5,,5,,5,,5,,5,,0,,0,,0,,0,,0,,0,,0,,0,,0,,0,,0,,0,,0,,0,,0,,0,,0,,0,,0,,0,,0,,0,,0,,0,,0,
"156","25","dio",5,,5,,5,,5,,5,,5,,5,,5,,5,,5,,5,,5,,5,,5,,5,,5,,5,,5,,0,,0,,0,,0,,0,,0,,0,,0,,0,,0,,0,,0,,0,,0,,0,,0
"157","10","cor",,5,,5,,5,,5,,5,,5,,5,,5,,5,,5,,5,,5,,5,,5,,5,,5,,5,,5,,5,,5,,5,,5,,5,,5,,5,,5,,5,,5,,5,,5,,5,,5,,5,
"157","25","cor",5,,5,,5,,5,,4,,4,,4,,4,,4,,4,,4,,4,,4,,4,,4,,4,,4,,4,,4,,4,,4,,4,,4,,4,,4,,4,,4,,4,,4,,4,,4,,4,,4,,4
"158","10","abz",,5,,5,,5,,2,,2,,2,,2,,1,,1,,1,,1,,1,,1,,1,,1,,1,,1,,1,,1,,1,,1,,1,,1,,1,,1,,1,,1,,1,,1,,1,,1,,1,,1,
"158","25","abz",5,,5,,5,,5,,5,,3,,3,,3,,3,,3,,3,,3,,3,,3,,3,,3,,3,,1,,1,,1,,1,,1,,1,,1,,1,,1,,1,,1,,1,,1,,1,,1,,1,,1
"159","10","cd",,5,,1,,1,,1,,1,,1,,1,,1,,0,,0,,0,,0,,0,,0,,0,,0,,0,,0,,0,,0,,0,,0,,0,,0,,0,,0,,0,,0,,0,,0,,0,,0,,0,
"159","25","cd",5,,4,,4,,4,,1,,0,,0,,0,,0,,0,,0,,0,,0,,0,,0,,0,,0,,0,,0,,0,,0,,0,,0,,0,,0,,0,,0,,0,,0,,0,,0,,0,,0,,0
"160","25","mmu",5,,5,,5,,5,,5,,5,,5,,5,,5,,5,,5,,5,,5,,5,,5,,5,,5,,5,,5,,5,,5,,5,,5,,5,,5,,5,,5,,5,,5,,5,,5,,5,,5,,5
